[
	{
		"id": 1,
		"name": "iPhone 8",
		"price": 99.99,
		"oldPrice": 599.00,
		"options": [
			{
				"id": 100,
				"name": "Color",
				"values": [
					{
						"id": 1000,
						"name": "Silver",
						"priceModifier": 0
					},
					{
						"id": 1001,
						"name": "Space Gray",
						"priceModifier": 0
					},
					{
						"id": 1002,
						"name": "Gold",
						"priceModifier": 0
					}
				]
			},
			{
				"id": 101,
				"name": "Capacity",
				"values": [
					{
						"id": 1100,
						"name": "64 GB",
						"priceModifier": 0
					},
					{
						"id": 1101,
						"name": "256 GB",
						"priceModifier": 40.00
					}
				]
			}
		]
	},
	{
		"id": 2,
		"name": "iPhone 8 Plus",
		"price": 129.99,
		"oldPrice": 699.00,
		"options": [
			{
				"id": 100,
				"name": "Color",
				"values": [
					{
						"id": 1000,
						"name": "Silver",
						"priceModifier": 0
					},
					{
						"id": 1001,
						"name": "Space Gray",
						"priceModifier": 0
					},
					{
						"id": 1002,
						"name": "Gold",
						"priceModifier": 0
					},
					{
						"id": 1003,
						"name": "Red",
						"priceModifier": 10.00
					}
				]
			},
			{
				"id": 101,
				"name": "Capacity",
				"values": [
					{
						"id": 1100,
						"name": "64 GB",
						"priceModifier": 0
					},
					{
						"id": 1101,
						"name": "256 GB",
						"priceModifier": 40.00
					}
				]
			}
		]
	},
	{
		"id": 3,
		"name": "Xiaomi Mi a1",
		"price": 159.99,
		"oldPrice": 499.00,
		"options": [
			{
				"id": 102,
				"name": "Color",
				"values": [
					{
						"id": 1003,
						"name": "Silver",
						"priceModifier": 0
					},
					{
						"id": 1003,
						"name": "Space Gray",
						"priceModifier": 0
					},
					{
						"id": 1004,
						"name": "Gold",
						"priceModifier": 0
					},
					{
						"id": 1005,
						"name": "Red",
						"priceModifier": 10.00
					}
				]
			},
			{
				"id": 102,
				"name": "Capacity",
				"values": [
					{
						"id": 1200,
						"name": "64 GB",
						"priceModifier": 0
					},
					{
						"id": 1201,
						"name": "256 GB",
						"priceModifier": 40.00
					}
				]
			}
		]
	}
]